kind,calls,bytes,total_ms,avg_ms
Host-to-Device,440,7808,0.4139400000000005,0.0009407727272727284
Device-to-Device,216,10632384,0.2841210000000004,0.0013153750000000019
