{
  "source_model": "/home/ckl/.cache/modelscope/hub/Qwen/Qwen3___5-9B",
  "tq_model": "/home/ckl/.cache/modelscope/hub/Qwen/Qwen3___5-9B-TQ4-lmh",
  "tensor_base": "lm_head",
  "row_start": 0,
  "row_count": 256,
  "shape": [
    256,
    4096
  ],
  "bits": 4,
  "group_size": 128,
  "centroids_config_vs_cuda": {
    "max_abs": 1.4901161193847656e-08,
    "mean_abs": 3.3760443329811096e-09,
    "config": [
      -0.23777656257152557,
      -0.18096588551998138,
      -0.14193911850452423,
      -0.11041539162397385,
      -0.08293881267309189,
      -0.05785765498876572,
      -0.03420550003647804,
      -0.011320935562252998,
      0.011320935562252998,
      0.03420550003647804,
      0.05785765498876572,
      0.08293881267309189,
      0.11041539162397385,
      0.14193911850452423,
      0.18096588551998138,
      0.23777656257152557
    ],
    "cuda": [
      -0.23777654767036438,
      -0.18096588551998138,
      -0.14193911850452423,
      -0.11041539162397385,
      -0.08293882012367249,
      -0.057857658714056015,
      -0.03420550003647804,
      -0.011320936493575573,
      0.011320936493575573,
      0.03420550003647804,
      0.057857658714056015,
      0.08293882012367249,
      0.11041539162397385,
      0.14193911850452423,
      0.18096588551998138,
      0.23777654767036438
    ]
  },
  "metrics": [
    {
      "lhs": "python_faithful_dequant",
      "rhs": "bf16_source",
      "elements": 1048576,
      "max_abs": 0.009186327457427979,
      "mean_abs": 0.0012346061412245035,
      "rmse": 0.0015889604110270739,
      "rhs_rms": 0.016459492966532707,
      "rmse_over_rhs_rms": 0.09653762811879606,
      "max_rel": 4052.8955078125,
      "mean_rel": 0.6375368237495422,
      "rel_p50": 0.09642773866653442,
      "rel_p90": 0.6033241748809814,
      "rel_p95": 1.214722752571106,
      "rel_p99": 5.9931488037109375,
      "rel_p999": 61.91612243652344,
      "top1pct_rel_mean": 38.52303695678711,
      "top1pct_rel_max": 4052.8955078125
    },
    {
      "lhs": "arle_cuda_dequant",
      "rhs": "bf16_source",
      "elements": 1048576,
      "max_abs": 0.0087890625,
      "mean_abs": 0.0012344395508989692,
      "rmse": 0.0015891765942797065,
      "rhs_rms": 0.016459492966532707,
      "rmse_over_rhs_rms": 0.09655076237834295,
      "max_rel": 4058.3740234375,
      "mean_rel": 0.6375528573989868,
      "rel_p50": 0.0964467003941536,
      "rel_p90": 0.6034482717514038,
      "rel_p95": 1.2148789167404175,
      "rel_p99": 5.993730068206787,
      "rel_p999": 61.965946197509766,
      "top1pct_rel_mean": 38.52598571777344,
      "top1pct_rel_max": 4058.3740234375
    },
    {
      "lhs": "arle_cuda_dequant",
      "rhs": "python_faithful_dequant",
      "elements": 1048576,
      "max_abs": 0.0004176795482635498,
      "mean_abs": 1.8006467144005e-05,
      "rmse": 2.7222968128626235e-05,
      "rhs_rms": 0.016384273767471313,
      "rmse_over_rhs_rms": 0.0016615303500771353,
      "max_rel": 0.005348288919776678,
      "mean_rel": 0.001410223194397986,
      "rel_p50": 0.0013544787652790546,
      "rel_p90": 0.0026285480707883835,
      "rel_p95": 0.002966055180877447,
      "rel_p99": 0.0034638214856386185,
      "rel_p999": 0.0037641727831214666,
      "top1pct_rel_mean": 0.003608583239838481,
      "top1pct_rel_max": 0.005348288919776678
    }
  ],
  "fwht_bug_control": {
    "cuda_vs_good_python_max_abs": 0.0004176795482635498,
    "cuda_vs_good_python_rmse": 2.7222968128626235e-05,
    "cuda_vs_bug_emulation_max_abs": 0.30269449949264526,
    "cuda_vs_bug_emulation_rmse": 0.02317207306623459,
    "cuda_vs_bug_emulation_bf16_max_abs": 0.302734375,
    "cuda_vs_bug_emulation_bf16_rmse": 0.023172058165073395,
    "interpretation": "ARLE CUDA output matches the current kernel FWHT sign convention after BF16 rounding; it does not match scripts/turboquant_weights.py faithful FWHT."
  },
  "decision": "cuda_dequant_differs_from_python"
}
