kind,calls,bytes,total_ms,avg_ms
Host-to-Device,1918,374752,1.9500710000000032,0.0010167210636079266
Device-to-Device,240,11813760,0.31510900000000014,0.0013129541666666673
